-- MySQL dump 10.13  Distrib 8.0.34, for Win64 (x86_64)
--
-- Host: 127.0.0.1    Database: examepizzas
-- ------------------------------------------------------
-- Server version	8.0.35

/*!40101 SET @OLD_CHARACTER_SET_CLIENT=@@CHARACTER_SET_CLIENT */;
/*!40101 SET @OLD_CHARACTER_SET_RESULTS=@@CHARACTER_SET_RESULTS */;
/*!40101 SET @OLD_COLLATION_CONNECTION=@@COLLATION_CONNECTION */;
/*!50503 SET NAMES utf8 */;
/*!40103 SET @OLD_TIME_ZONE=@@TIME_ZONE */;
/*!40103 SET TIME_ZONE='+00:00' */;
/*!40014 SET @OLD_UNIQUE_CHECKS=@@UNIQUE_CHECKS, UNIQUE_CHECKS=0 */;
/*!40014 SET @OLD_FOREIGN_KEY_CHECKS=@@FOREIGN_KEY_CHECKS, FOREIGN_KEY_CHECKS=0 */;
/*!40101 SET @OLD_SQL_MODE=@@SQL_MODE, SQL_MODE='NO_AUTO_VALUE_ON_ZERO' */;
/*!40111 SET @OLD_SQL_NOTES=@@SQL_NOTES, SQL_NOTES=0 */;

--
-- Table structure for table `alembic_version`
--

DROP TABLE IF EXISTS `alembic_version`;
/*!40101 SET @saved_cs_client     = @@character_set_client */;
/*!50503 SET character_set_client = utf8mb4 */;
CREATE TABLE `alembic_version` (
  `version_num` varchar(32) NOT NULL,
  PRIMARY KEY (`version_num`)
) ENGINE=InnoDB DEFAULT CHARSET=utf8mb4 COLLATE=utf8mb4_0900_ai_ci;
/*!40101 SET character_set_client = @saved_cs_client */;

--
-- Dumping data for table `alembic_version`
--

LOCK TABLES `alembic_version` WRITE;
/*!40000 ALTER TABLE `alembic_version` DISABLE KEYS */;
INSERT INTO `alembic_version` VALUES ('74f393e3f9d9');
/*!40000 ALTER TABLE `alembic_version` ENABLE KEYS */;
UNLOCK TABLES;

--
-- Table structure for table `carrito_temp`
--

DROP TABLE IF EXISTS `carrito_temp`;
/*!40101 SET @saved_cs_client     = @@character_set_client */;
/*!50503 SET character_set_client = utf8mb4 */;
CREATE TABLE `carrito_temp` (
  `id` int NOT NULL AUTO_INCREMENT,
  `id_pizza` int NOT NULL,
  `tamano` varchar(20) NOT NULL,
  `ingredientes` varchar(200) DEFAULT NULL,
  `cantidad` int NOT NULL,
  `subtotal` decimal(10,2) NOT NULL,
  PRIMARY KEY (`id`),
  KEY `id_pizza` (`id_pizza`),
  CONSTRAINT `carrito_temp_ibfk_1` FOREIGN KEY (`id_pizza`) REFERENCES `pizzas` (`id_pizza`)
) ENGINE=InnoDB AUTO_INCREMENT=26 DEFAULT CHARSET=utf8mb4 COLLATE=utf8mb4_0900_ai_ci;
/*!40101 SET character_set_client = @saved_cs_client */;

--
-- Dumping data for table `carrito_temp`
--

LOCK TABLES `carrito_temp` WRITE;
/*!40000 ALTER TABLE `carrito_temp` DISABLE KEYS */;
/*!40000 ALTER TABLE `carrito_temp` ENABLE KEYS */;
UNLOCK TABLES;

--
-- Table structure for table `clientes`
--

DROP TABLE IF EXISTS `clientes`;
/*!40101 SET @saved_cs_client     = @@character_set_client */;
/*!50503 SET character_set_client = utf8mb4 */;
CREATE TABLE `clientes` (
  `id_cliente` int NOT NULL AUTO_INCREMENT,
  `nombre` varchar(100) NOT NULL,
  `direccion` varchar(200) NOT NULL,
  `telefono` varchar(20) DEFAULT NULL,
  PRIMARY KEY (`id_cliente`)
) ENGINE=InnoDB AUTO_INCREMENT=7 DEFAULT CHARSET=utf8mb4 COLLATE=utf8mb4_0900_ai_ci;
/*!40101 SET character_set_client = @saved_cs_client */;

--
-- Dumping data for table `clientes`
--

LOCK TABLES `clientes` WRITE;
/*!40000 ALTER TABLE `clientes` DISABLE KEYS */;
INSERT INTO `clientes` VALUES (1,'Javier Gonzales','Avenida Leon 4 ','4770193049'),(2,'Luis Sandoval','Blvd. San Juan Bosco 1001','4779876543'),(3,'Jorge Rodriguez','Blvd. Delta 405','4562456224'),(4,'Yuli','UTL','838383'),(5,'Jorge','UTL','843993'),(6,'Olivia Rossi','Zacatlan de las manzanas, Puebla','82398398');
/*!40000 ALTER TABLE `clientes` ENABLE KEYS */;
UNLOCK TABLES;

--
-- Table structure for table `detalle_pedidos`
--

DROP TABLE IF EXISTS `detalle_pedidos`;
/*!40101 SET @saved_cs_client     = @@character_set_client */;
/*!50503 SET character_set_client = utf8mb4 */;
CREATE TABLE `detalle_pedidos` (
  `id_detalle` int NOT NULL AUTO_INCREMENT,
  `id_pedido` int NOT NULL,
  `id_pizza` int NOT NULL,
  `cantidad` int NOT NULL,
  `subtotal` decimal(10,2) NOT NULL,
  `ingredientes` varchar(200) DEFAULT NULL,
  PRIMARY KEY (`id_detalle`),
  KEY `id_pedido` (`id_pedido`),
  KEY `id_pizza` (`id_pizza`),
  CONSTRAINT `detalle_pedidos_ibfk_1` FOREIGN KEY (`id_pedido`) REFERENCES `pedidos` (`id_pedido`),
  CONSTRAINT `detalle_pedidos_ibfk_2` FOREIGN KEY (`id_pizza`) REFERENCES `pizzas` (`id_pizza`)
) ENGINE=InnoDB AUTO_INCREMENT=8 DEFAULT CHARSET=utf8mb4 COLLATE=utf8mb4_0900_ai_ci;
/*!40101 SET character_set_client = @saved_cs_client */;

--
-- Dumping data for table `detalle_pedidos`
--

LOCK TABLES `detalle_pedidos` WRITE;
/*!40000 ALTER TABLE `detalle_pedidos` DISABLE KEYS */;
INSERT INTO `detalle_pedidos` VALUES (1,1,3,1,150.00,NULL),(2,1,3,7,1050.00,NULL),(3,2,1,1,70.00,NULL),(4,3,1,1,70.00,'Jamón, Piña, Champiñones'),(5,4,2,1,100.00,'Jamón, Champiñones'),(6,5,2,1,90.00,'Champiñones'),(7,6,1,10,700.00,'Jamón, Piña, Champiñones');
/*!40000 ALTER TABLE `detalle_pedidos` ENABLE KEYS */;
UNLOCK TABLES;

--
-- Table structure for table `pedidos`
--

DROP TABLE IF EXISTS `pedidos`;
/*!40101 SET @saved_cs_client     = @@character_set_client */;
/*!50503 SET character_set_client = utf8mb4 */;
CREATE TABLE `pedidos` (
  `id_pedido` int NOT NULL AUTO_INCREMENT,
  `id_cliente` int NOT NULL,
  `fecha` datetime DEFAULT CURRENT_TIMESTAMP,
  `total` decimal(10,2) NOT NULL,
  PRIMARY KEY (`id_pedido`),
  KEY `id_cliente` (`id_cliente`),
  CONSTRAINT `pedidos_ibfk_1` FOREIGN KEY (`id_cliente`) REFERENCES `clientes` (`id_cliente`),
  CONSTRAINT `pedidos_chk_1` CHECK ((`total` >= 0))
) ENGINE=InnoDB AUTO_INCREMENT=7 DEFAULT CHARSET=utf8mb4 COLLATE=utf8mb4_0900_ai_ci;
/*!40101 SET character_set_client = @saved_cs_client */;

--
-- Dumping data for table `pedidos`
--

LOCK TABLES `pedidos` WRITE;
/*!40000 ALTER TABLE `pedidos` DISABLE KEYS */;
INSERT INTO `pedidos` VALUES (1,1,'2026-03-13 00:00:00',1200.00),(2,2,'2026-03-13 00:00:00',70.00),(3,3,'2026-03-13 00:00:00',70.00),(4,4,'2026-03-13 00:00:00',100.00),(5,5,'2026-03-02 00:00:00',90.00),(6,6,'2026-02-28 00:00:00',700.00);
/*!40000 ALTER TABLE `pedidos` ENABLE KEYS */;
UNLOCK TABLES;

--
-- Table structure for table `pizzas`
--

DROP TABLE IF EXISTS `pizzas`;
/*!40101 SET @saved_cs_client     = @@character_set_client */;
/*!50503 SET character_set_client = utf8mb4 */;
CREATE TABLE `pizzas` (
  `id_pizza` int NOT NULL AUTO_INCREMENT,
  `tamano` varchar(20) NOT NULL,
  `precio` decimal(8,2) NOT NULL,
  `ingredientes` varchar(200) DEFAULT NULL,
  PRIMARY KEY (`id_pizza`),
  CONSTRAINT `pizzas_chk_1` CHECK ((`precio` > 0))
) ENGINE=InnoDB AUTO_INCREMENT=4 DEFAULT CHARSET=utf8mb4 COLLATE=utf8mb4_0900_ai_ci;
/*!40101 SET character_set_client = @saved_cs_client */;

--
-- Dumping data for table `pizzas`
--

LOCK TABLES `pizzas` WRITE;
/*!40000 ALTER TABLE `pizzas` DISABLE KEYS */;
INSERT INTO `pizzas` VALUES (1,'Chica',40.00,NULL),(2,'Mediana',80.00,NULL),(3,'Grande',120.00,NULL);
/*!40000 ALTER TABLE `pizzas` ENABLE KEYS */;
UNLOCK TABLES;
/*!40103 SET TIME_ZONE=@OLD_TIME_ZONE */;

/*!40101 SET SQL_MODE=@OLD_SQL_MODE */;
/*!40014 SET FOREIGN_KEY_CHECKS=@OLD_FOREIGN_KEY_CHECKS */;
/*!40014 SET UNIQUE_CHECKS=@OLD_UNIQUE_CHECKS */;
/*!40101 SET CHARACTER_SET_CLIENT=@OLD_CHARACTER_SET_CLIENT */;
/*!40101 SET CHARACTER_SET_RESULTS=@OLD_CHARACTER_SET_RESULTS */;
/*!40101 SET COLLATION_CONNECTION=@OLD_COLLATION_CONNECTION */;
/*!40111 SET SQL_NOTES=@OLD_SQL_NOTES */;

-- Dump completed on 2026-03-13 21:35:57
